
insert into etudiants values
('28936E', 'Dupont', 'Franck');

insert into etudiants values
('46283B', 'Dupont', 'Isabelle');

insert into etudiants values
('86719E', 'Martin', 'Adrien');

insert into etudiants values
('99628C', 'Robert', 'Adrien');

insert into etudiants values
('99321C', 'Denou', 'Michelle');

insert into etudiants values
('99322C', 'Dupont', 'Isabelle');

insert into matieres values
('MIAS2I5', 'I5', 'E238', 'Deug MIAS');

insert into matieres values
('MIAS2I6', 'I6', 'E426', 'Deug MIAS');

insert into matieres values
('IUP2MA', 'Automates', 'E238', 'Licence IUP-MIAGE');

insert into matieres values
('LIL6', 'Systemes', 'E236', 'Licence Informatique');

insert into matieres values
('IUP2IS', 'Systemes', 'E526', 'Licence IUP-MIAGE');

insert into matieres values
('MIAS2I3', 'Math-Info', 'E426', 'Deug MIAS');

insert into matieres values
('LIL5', 'Algo', 'E426', 'Licence Informatique');


insert into notes values
('99628C', 'MIAS2I5', 12, 15.5);

insert into notes values
('46283B', 'MIAS2I6', 8, 11);

insert into notes values
('46283B', 'MIAS2I5', 9.5, 2);

insert into notes values
('86719E', 'IUP2MA', 12, 5.5);

insert into notes values
('99321C', 'LIL6', 18, 16.5);

insert into notes values
('28936E', 'MIAS2I5', 13.5, 13.5);

insert into notes values
('86719E', 'IUP2IS', 8.5, 10);

insert into notes values
('99628C', 'MIAS2I6', 3, 6);

insert into notes values
('99321C', 'LIL5', 15, 14.5);

insert into notes values
('99322C', 'MIAS2I5', 12, 15.5);

insert into notes values
('28936E', 'MIAS2I6', 12, null);

-- (c) E. Desmontils, Falculté des sciences et des techniques de Nantes, Université de Nantes, Mars 2003
-- #e -mail : Emmanuel.Desmontils@info.univ-nantes.fr
